4.1.1-2	Fluid mosaic membranes: how the bilayer forms and what sits in it
4.1.3	What each part of the membrane does
4.1.4	Cell signalling: secretion, transport, binding
4.2.1a	Passive transport: diffusion, facilitated diffusion, osmosis
4.2.1b	Active transport and bulk transport
4.2.2a	Investigating diffusion and osmosis: Visking tubing and agar
4.2.2b	Investigating diffusion and osmosis: plant tissue
4.2.3-4	Surface area to volume: calculating it and testing it with agar
4.2.5	Estimating the water potential of potato tissue
4.2.6	Water, plant cells and animal cells
